{
    "performances": [
        {
            "model": "GPT-4-Turbo-231106",
            "AVG": 0.626,
            "AWK": 0.84,
            "C": 0.7,
            "C++": 0.72,
            "C#": 0.52,
            "Clisp": 0.6,
            "Coffee": 0.76,
            "Dart": 0.5489999999999999,
            "Elisp": 0.5,
            "Elixir": 0.64,
            "Erlang": 0.42,
            "Fortran": 0.5,
            "F#": 0.78,
            "Go": 0.68,
            "Groovy": 0.88,
            "Haskell": 0.76,
            "Html": 0.1,
            "Java": 0.8109999999999999,
            "JS": 0.74,
            "Json": 0.18,
            "Julia": 0.7,
            "Kotlin": 0.68,
            "Lua": 0.64,
            "MD": 0.08,
            "Pascal": 0.56,
            "Perl": 0.68,
            "PHP": 0.68,
            "Power": 0.82,
            "Python": 0.66,
            "R": 0.6,
            "Racket": 0.62,
            "Ruby": 0.7,
            "Rust": 0.66,
            "Scala": 0.7,
            "Scheme": 0.58,
            "Shell": 0.68,
            "Swift": 0.9,
            "Tcl": 0.5,
            "TS": 0.72,
            "VB": 0.68,
            "VimL": 0.5
        },
        {
            "model": "CodeLlama-7B-Instruct",
            "AVG": 0.23800000000000002,
            "AWK": 0.34,
            "C": 0.34,
            "C++": 0.32,
            "C#": 0.42,
            "Clisp": 0.34,
            "Coffee": 0.08,
            "Dart": 0.11800000000000001,
            "Elisp": 0.22,
            "Elixir": 0.28,
            "Erlang": 0.24,
            "Fortran": 0.14,
            "F#": 0.26,
            "Go": 0.4,
            "Groovy": 0.22,
            "Haskell": 0.36,
            "Html": 0.0,
            "Java": 0.34,
            "JS": 0.22,
            "Json": 0.08,
            "Julia": 0.14,
            "Kotlin": 0.24,
            "Lua": 0.3,
            "MD": 0.0,
            "Pascal": 0.04,
            "Perl": 0.32,
            "PHP": 0.02,
            "Power": 0.3,
            "Python": 0.22,
            "R": 0.14,
            "Racket": 0.28,
            "Ruby": 0.28,
            "Rust": 0.17,
            "Scala": 0.32,
            "Scheme": 0.24,
            "Shell": 0.2,
            "Swift": 0.42,
            "Tcl": 0.28,
            "TS": 0.3,
            "VB": 0.4,
            "VimL": 0.12
        },
        {
            "model": "CodeLlama-13B-Instruct",
            "AVG": 0.293,
            "AWK": 0.32,
            "C": 0.42,
            "C++": 0.34,
            "C#": 0.44,
            "Clisp": 0.44,
            "Coffee": 0.0,
            "Dart": 0.078,
            "Elisp": 0.16,
            "Elixir": 0.3,
            "Erlang": 0.38,
            "Fortran": 0.16,
            "F#": 0.3,
            "Go": 0.32,
            "Groovy": 0.32,
            "Haskell": 0.4,
            "Html": 0.1,
            "Java": 0.28300000000000003,
            "JS": 0.36,
            "Json": 0.1,
            "Julia": 0.24,
            "Kotlin": 0.26,
            "Lua": 0.36,
            "MD": 0.0,
            "Pascal": 0.04,
            "Perl": 0.28,
            "PHP": 0.3,
            "Power": 0.36,
            "Python": 0.26,
            "R": 0.2,
            "Racket": 0.32,
            "Ruby": 0.28,
            "Rust": 0.20800000000000002,
            "Scala": 0.32,
            "Scheme": 0.26,
            "Shell": 0.26,
            "Swift": 0.38,
            "Tcl": 0.32,
            "TS": 0.42,
            "VB": 0.5,
            "VimL": 0.24
        },
        {
            "model": "DeepSeek-Coder-7B-instruct",
            "AVG": 0.5579999999999999,
            "AWK": 0.7,
            "C": 0.62,
            "C++": 0.66,
            "C#": 0.78,
            "Clisp": 0.56,
            "Coffee": 0.68,
            "Dart": 0.451,
            "Elisp": 0.44,
            "Elixir": 0.58,
            "Erlang": 0.4,
            "Fortran": 0.44,
            "F#": 0.64,
            "Go": 0.56,
            "Groovy": 0.88,
            "Haskell": 0.52,
            "Html": 0.08,
            "Java": 0.679,
            "JS": 0.52,
            "Json": 0.32,
            "Julia": 0.7,
            "Kotlin": 0.56,
            "Lua": 0.64,
            "MD": 0.06,
            "Pascal": 0.42,
            "Perl": 0.52,
            "PHP": 0.52,
            "Power": 0.68,
            "Python": 0.58,
            "R": 0.52,
            "Racket": 0.5,
            "Ruby": 0.7,
            "Rust": 0.491,
            "Scala": 0.64,
            "Scheme": 0.54,
            "Shell": 0.34,
            "Swift": 0.68,
            "Tcl": 0.56,
            "TS": 0.62,
            "VB": 0.66,
            "VimL": 0.4
        },
        {
            "model": "Magicoder-S-DS-6.7B",
            "AVG": 0.514,
            "AWK": 0.58,
            "C": 0.62,
            "C++": 0.56,
            "C#": 0.7,
            "Clisp": 0.58,
            "Coffee": 0.04,
            "Dart": 0.373,
            "Elisp": 0.28,
            "Elixir": 0.5,
            "Erlang": 0.58,
            "Fortran": 0.54,
            "F#": 0.66,
            "Go": 0.58,
            "Groovy": 0.86,
            "Haskell": 0.6,
            "Html": 0.04,
            "Java": 0.8490000000000001,
            "JS": 0.6,
            "Json": 0.02,
            "Julia": 0.54,
            "Kotlin": 0.64,
            "Lua": 0.5,
            "MD": 0.02,
            "Pascal": 0.52,
            "Perl": 0.5,
            "PHP": 0.46,
            "Power": 0.58,
            "Python": 0.54,
            "R": 0.48,
            "Racket": 0.46,
            "Ruby": 0.62,
            "Rust": 0.47200000000000003,
            "Scala": 0.64,
            "Scheme": 0.62,
            "Shell": 0.48,
            "Swift": 0.6,
            "Tcl": 0.42,
            "TS": 0.56,
            "VB": 0.62,
            "VimL": 0.24
        },
        {
            "model": "OCTOCODER",
            "AVG": 0.294,
            "AWK": 0.32,
            "C": 0.32,
            "C++": 0.32,
            "C#": 0.26,
            "Clisp": 0.48,
            "Coffee": 0.04,
            "Dart": 0.059000000000000004,
            "Elisp": 0.22,
            "Elixir": 0.32,
            "Erlang": 0.34,
            "Fortran": 0.22,
            "F#": 0.16,
            "Go": 0.52,
            "Groovy": 0.42,
            "Haskell": 0.34,
            "Html": 0.02,
            "Java": 0.377,
            "JS": 0.36,
            "Json": 0.08,
            "Julia": 0.28,
            "Kotlin": 0.24,
            "Lua": 0.36,
            "MD": 0.0,
            "Pascal": 0.24,
            "Perl": 0.14,
            "PHP": 0.32,
            "Power": 0.44,
            "Python": 0.62,
            "R": 0.26,
            "Racket": 0.34,
            "Ruby": 0.1,
            "Rust": 0.264,
            "Scala": 0.3,
            "Scheme": 0.34,
            "Shell": 0.4,
            "Swift": 0.3,
            "Tcl": 0.24,
            "TS": 0.34,
            "VB": 0.38,
            "VimL": 0.08
        },
        {
            "model": "GPT-3.5-Turbo-240125",
            "AVG": 0.479,
            "AWK": 0.08,
            "C": 0.68,
            "C++": 0.64,
            "C#": 0.62,
            "Clisp": 0.56,
            "Coffee": 0.66,
            "Dart": 0.294,
            "Elisp": 0.26,
            "Elixir": 0.42,
            "Erlang": 0.34,
            "Fortran": 0.28,
            "F#": 0.56,
            "Go": 0.54,
            "Groovy": 0.84,
            "Haskell": 0.54,
            "Html": 0.06,
            "Java": 0.736,
            "JS": 0.58,
            "Json": 0.06,
            "Julia": 0.62,
            "Kotlin": 0.62,
            "Lua": 0.54,
            "MD": 0.04,
            "Pascal": 0.46,
            "Perl": 0.4,
            "PHP": 0.4,
            "Power": 0.56,
            "Python": 0.54,
            "R": 0.44,
            "Racket": 0.5,
            "Ruby": 0.62,
            "Rust": 0.47200000000000003,
            "Scala": 0.72,
            "Scheme": 0.48,
            "Shell": 0.38,
            "Swift": 0.62,