{
    "performances": [
        {
            "model": "gpt4",
            "AVG": 0.8270000000000001,
            "AWK": 0.929,
            "C": 0.7440000000000001,
            "C++": 0.7559999999999999,
            "C#": 0.893,
            "Clisp": 0.9109999999999999,
            "Coffee": 0.975,
            "Dart": 0.765,
            "Elisp": 0.8420000000000001,
            "Elixir": 0.8240000000000001,
            "Erlang": 0.542,
            "Fortran": 0.7959999999999999,
            "F#": 0.696,
            "Go": 0.8170000000000001,
            "Groovy": 0.9259999999999999,
            "Haskell": 0.762,
            "Html": 0.5710000000000001,
            "Java": 0.9390000000000001,
            "JS": 0.8,
            "Json": 0.9309999999999999,
            "Julia": 0.9329999999999999,
            "Kotlin": 0.833,
            "Lua": 0.8,
            "MD": 0.28600000000000003,
            "Pascal": 0.7070000000000001,
            "Perl": 0.914,
            "PHP": 0.862,
            "Power": 0.922,
            "Python": 0.867,
            "R": 0.87,
            "Racket": 0.887,
            "Ruby": 0.895,
            "Rust": 0.815,
            "Scala": 0.878,
            "Scheme": 0.853,
            "Shell": 0.878,
            "Swift": 0.861,
            "Tcl": 0.8590000000000001,
            "TS": 0.775,
            "VB": 0.769,
            "VimL": 0.632
        },
        {
            "model": "code-llama-7b",
            "AVG": 0.499,
            "AWK": 0.7859999999999999,
            "C": 0.622,
            "C++": 0.732,
            "C#": 0.5479999999999999,
            "Clisp": 0.304,
            "Coffee": 0.6629999999999999,
            "Dart": 0.48,
            "Elisp": 0.316,
            "Elixir": 0.47100000000000003,
            "Erlang": 0.354,
            "Fortran": 0.52,
            "F#": 0.429,
            "Go": 0.61,
            "Groovy": 0.617,
            "Haskell": 0.33299999999999996,
            "Html": 0.262,
            "Java": 0.22399999999999998,
            "JS": 0.188,
            "Json": 0.611,
            "Julia": 0.6779999999999999,
            "Kotlin": 0.619,
            "Lua": 0.413,
            "MD": 0,
            "Pascal": 0.195,
            "Perl": 0.5710000000000001,
            "PHP": 0.223,
            "Power": 0.42200000000000004,
            "Python": 0.733,
            "R": 0.62,
            "Racket": 0.355,
            "Ruby": 0.6709999999999999,
            "Rust": 0.467,
            "Scala": 0.72,
            "Scheme": 0.33799999999999997,
            "Shell": 0.732,
            "Swift": 0.33299999999999996,
            "Tcl": 0.615,
            "TS": 0.43799999999999994,
            "VB": 0.615,
            "VimL": 0.632
        },
        {
            "model": "code-llama-13b",
            "AVG": 0.593,
            "AWK": 0.7859999999999999,
            "C": 0.573,
            "C++": 0.7559999999999999,
            "C#": 0.7979999999999999,
            "Clisp": 0.48200000000000004,
            "Coffee": 0.563,
            "Dart": 0.48,
            "Elisp": 0.526,
            "Elixir": 0.544,
            "Erlang": 0.41700000000000004,
            "Fortran": 0.439,
            "F#": 0.46399999999999997,
            "Go": 0.6829999999999999,
            "Groovy": 0.6809999999999999,
            "Haskell": 0.262,
            "Html": 0.214,
            "Java": 0.52,
            "JS": 0.613,
            "Json": 0.486,
            "Julia": 0.667,
            "Kotlin": 0.583,
            "Lua": 0.6629999999999999,
            "MD": 0,
            "Pascal": 0.415,
            "Perl": 0.557,
            "PHP": 0.5429999999999999,
            "Power": 0.767,
            "Python": 0.778,
            "R": 0.696,
            "Racket": 0.516,
            "Ruby": 0.605,
            "Rust": 0.5870000000000001,
            "Scala": 0.6459999999999999,
            "Scheme": 0.47100000000000003,
            "Shell": 0.6709999999999999,
            "Swift": 0.639,
            "Tcl": 0.628,
            "TS": 0.625,
            "VB": 0.667,
            "VimL": 0.684
        },
        {
            "model": "deepseek-coder-7b-instruct",
            "AVG": 0.7240000000000001,
            "AWK": 0.5,
            "C": 0.61,
            "C++": 0.72,
            "C#": 0.7979999999999999,
            "Clisp": 0.625,
            "Coffee": 0.7879999999999999,
            "Dart": 0.7040000000000001,
            "Elisp": 0.632,
            "Elixir": 0.662,
            "Erlang": 0.45799999999999996,
            "Fortran": 0.684,
            "F#": 0.607,
            "Go": 0.6709999999999999,
            "Groovy": 0.83,
            "Haskell": 0.381,
            "Html": 0.524,
            "Java": 0.8270000000000001,
            "JS": 0.65,
            "Json": 0.778,
            "Julia": 0.833,
            "Kotlin": 0.738,
            "Lua": 0.713,
            "MD": 0.14300000000000002,
            "Pascal": 0.6829999999999999,
            "Perl": 0.657,
            "PHP": 0.8190000000000001,
            "Power": 0.867,
            "Python": 0.833,
            "R": 0.7929999999999999,
            "Racket": 0.597,
            "Ruby": 0.868,
            "Rust": 0.75,
            "Scala": 0.841,
            "Scheme": 0.721,
            "Shell": 0.805,
            "Swift": 0.792,
            "Tcl": 0.833,
            "TS": 0.575,
            "VB": 0.705,
            "VimL": 0.6709999999999999
        },
        {
            "model": "Magicoder-S-DS-6.7B",
            "AVG": 0.784,
            "AWK": 0.7140000000000001,
            "C": 0.6709999999999999,
            "C++": 0.72,
            "C#": 0.845,
            "Clisp": 0.7140000000000001,
            "Coffee": 0.775,
            "Dart": 0.8059999999999999,
            "Elisp": 0.6970000000000001,
            "Elixir": 0.794,
            "Erlang": 0.625,
            "Fortran": 0.857,
            "F#": 0.857,
            "Go": 0.7559999999999999,
            "Groovy": 0.968,
            "Haskell": 0.524,
            "Html": 0.405,
            "Java": 0.9490000000000001,
            "JS": 0.725,
            "Json": 0.736,
            "Julia": 0.7440000000000001,
            "Kotlin": 0.821,
            "Lua": 0.775,
            "MD": 0.071,
            "Pascal": 0.7559999999999999,
            "Perl": 0.914,
            "PHP": 0.904,
            "Power": 0.9,
            "Python": 0.878,
            "R": 0.848,
            "Racket": 0.6609999999999999,
            "Ruby": 0.855,
            "Rust": 0.7829999999999999,
            "Scala": 0.89,
            "Scheme": 0.794,
            "Shell": 0.915,
            "Swift": 0.861,
            "Tcl": 0.833,
            "TS": 0.7,
            "VB": 0.769,
            "VimL": 0.395
        },
        {
            "model": "octocoder",
            "AVG": 0.392,
            "AWK": 0.429,
            "C": 0.47600000000000003,
            "C++": 0.524,
            "C#": 0.821,
            "Clisp": 0.35700000000000004,
            "Coffee": 0.563,
            "Dart": 0.602,
            "Elisp": 0.342,
            "Elixir": 0.08800000000000001,
            "Erlang": 0,
            "Fortran": 0,
            "F#": 0.48200000000000004,
            "Go": 0.585,
            "Groovy": 0.7340000000000001,
            "Haskell": 0,
            "Html": 0.024,
            "Java": 0.816,
            "JS": 0.563,
            "Json": 0.069,
            "Julia": 0,
            "Kotlin": 0.7020000000000001,
            "Lua": 0.5,
            "MD": 0.036000000000000004,
            "Pascal": 0.159,
            "Perl": 0.32899999999999996,
            "PHP": 0,
            "Power": 0.289,
            "Python": 0.789,
            "R": 0.022000000000000002,
            "Racket": 0.387,
            "Ruby": 0.158,
            "Rust": 0,
            "Scala": 0.561,
            "Scheme": 0.41200000000000003,
            "Shell": 0.488,
            "Swift": 0.278,
            "Tcl": 0.37200000000000005,
            "TS": 0.675,
            "VB": 0.59,