{
    "performances": [
        {
            "model": "gpt4",
            "AVG": 0.7659999999999999,
            "AWK": 0.7859999999999999,
            "C": 0.695,
            "C++": 0.695,
            "C#": 0.833,
            "Clisp": 0.7140000000000001,
            "Coffee": 0.963,
            "Dart": 0.684,
            "Elisp": 0.7759999999999999,
            "Elixir": 0.75,
            "Erlang": 0.542,
            "Fortran": 0.6729999999999999,
            "F#": 0.643,
            "Go": 0.6459999999999999,
            "Groovy": 0.9259999999999999,
            "Haskell": 0.643,
            "Html": 0.33299999999999996,
            "Java": 0.847,
            "JS": 0.713,
            "Json": 0.903,
            "Julia": 0.833,
            "Kotlin": 0.845,
            "Lua": 0.6629999999999999,
            "MD": 0.321,
            "Pascal": 0.6709999999999999,
            "Perl": 0.843,
            "PHP": 0.851,
            "Power": 0.9440000000000001,
            "Python": 0.833,
            "R": 0.804,
            "Racket": 0.645,
            "Ruby": 0.789,
            "Rust": 0.815,
            "Scala": 0.841,
            "Scheme": 0.868,
            "Shell": 0.902,
            "Swift": 0.8190000000000001,
            "Tcl": 0.782,
            "TS": 0.75,
            "VB": 0.7559999999999999,
            "VimL": 0.526
        },
        {
            "model": "code-llama-7b",
            "AVG": 0.314,
            "AWK": 0.28600000000000003,
            "C": 0.366,
            "C++": 0.451,
            "C#": 0.429,
            "Clisp": 0.179,
            "Coffee": 0.46299999999999997,
            "Dart": 0.163,
            "Elisp": 0.171,
            "Elixir": 0.221,
            "Erlang": 0.25,
            "Fortran": 0.22399999999999998,
            "F#": 0.28600000000000003,
            "Go": 0.37799999999999995,
            "Groovy": 0.436,
            "Haskell": 0.23800000000000002,
            "Html": 0.31,
            "Java": 0.245,
            "JS": 0.125,
            "Json": 0.736,
            "Julia": 0.344,
            "Kotlin": 0.44,
            "Lua": 0.2,
            "MD": 0,
            "Pascal": 0.146,
            "Perl": 0.3,
            "PHP": 0.085,
            "Power": 0.389,
            "Python": 0.456,
            "R": 0.272,
            "Racket": 0.226,
            "Ruby": 0.316,
            "Rust": 0.272,
            "Scala": 0.402,
            "Scheme": 0.147,
            "Shell": 0.46299999999999997,
            "Swift": 0.389,
            "Tcl": 0.41,
            "TS": 0.275,
            "VB": 0.449,
            "VimL": 0.289
        },
        {
            "model": "code-llama-13b",
            "AVG": 0.39,
            "AWK": 0.5,
            "C": 0.39,
            "C++": 0.5,
            "C#": 0.631,
            "Clisp": 0.25,
            "Coffee": 0.4,
            "Dart": 0.316,
            "Elisp": 0.132,
            "Elixir": 0.221,
            "Erlang": 0.188,
            "Fortran": 0.163,
            "F#": 0.23199999999999998,
            "Go": 0.354,
            "Groovy": 0.5,
            "Haskell": 0.19,
            "Html": 0.071,
            "Java": 0.418,
            "JS": 0.45,
            "Json": 0.542,
            "Julia": 0.456,
            "Kotlin": 0.47600000000000003,
            "Lua": 0.375,
            "MD": 0,
            "Pascal": 0.28,
            "Perl": 0.314,
            "PHP": 0.436,
            "Power": 0.6,
            "Python": 0.467,
            "R": 0.424,
            "Racket": 0.226,
            "Ruby": 0.395,
            "Rust": 0.413,
            "Scala": 0.354,
            "Scheme": 0.191,
            "Shell": 0.402,
            "Swift": 0.486,
            "Tcl": 0.41,
            "TS": 0.425,
            "VB": 0.474,
            "VimL": 0.342
        },
        {
            "model": "deepseek-coder-7b-instruct",
            "AVG": 0.618,
            "AWK": 0.7140000000000001,
            "C": 0.61,
            "C++": 0.622,
            "C#": 0.75,
            "Clisp": 0.375,
            "Coffee": 0.513,
            "Dart": 0.5,
            "Elisp": 0.42100000000000004,
            "Elixir": 0.5,
            "Erlang": 0.271,
            "Fortran": 0.6940000000000001,
            "F#": 0.429,
            "Go": 0.47600000000000003,
            "Groovy": 0.872,
            "Haskell": 0.262,
            "Html": 0.31,
            "Java": 0.8059999999999999,
            "JS": 0.7,
            "Json": 0.833,
            "Julia": 0.6559999999999999,
            "Kotlin": 0.69,
            "Lua": 0.588,
            "MD": 0.214,
            "Pascal": 0.5,
            "Perl": 0.6,
            "PHP": 0.7340000000000001,
            "Power": 0.8220000000000001,
            "Python": 0.722,
            "R": 0.652,
            "Racket": 0.40299999999999997,
            "Ruby": 0.645,
            "Rust": 0.5870000000000001,
            "Scala": 0.7440000000000001,
            "Scheme": 0.47100000000000003,
            "Shell": 0.8170000000000001,
            "Swift": 0.6809999999999999,
            "Tcl": 0.667,
            "TS": 0.575,
            "VB": 0.667,
            "VimL": 0.342
        },
        {
            "model": "Magicoder-S-DS-6.7B",
            "AVG": 0.654,
            "AWK": 0.214,
            "C": 0.6459999999999999,
            "C++": 0.6459999999999999,
            "C#": 0.81,
            "Clisp": 0.518,
            "Coffee": 0.55,
            "Dart": 0.5920000000000001,
            "Elisp": 0.526,
            "Elixir": 0.603,
            "Erlang": 0.45799999999999996,
            "Fortran": 0.6940000000000001,
            "F#": 0.6609999999999999,
            "Go": 0.622,
            "Groovy": 0.915,
            "Haskell": 0.35700000000000004,
            "Html": 0.16699999999999998,
            "Java": 0.7859999999999999,
            "JS": 0.65,
            "Json": 0.6940000000000001,
            "Julia": 0.622,
            "Kotlin": 0.774,
            "Lua": 0.575,
            "MD": 0.107,
            "Pascal": 0.6459999999999999,
            "Perl": 0.6859999999999999,
            "PHP": 0.723,
            "Power": 0.8440000000000001,
            "Python": 0.767,
            "R": 0.7070000000000001,
            "Racket": 0.516,
            "Ruby": 0.645,
            "Rust": 0.6409999999999999,
            "Scala": 0.8290000000000001,
            "Scheme": 0.588,
            "Shell": 0.7559999999999999,
            "Swift": 0.736,
            "Tcl": 0.667,
            "TS": 0.625,
            "VB": 0.6409999999999999,
            "VimL": 0.237
        },
        {
            "model": "octocoder",
            "AVG": 0.271,
            "AWK": 0.35700000000000004,
            "C": 0.354,
            "C++": 0.451,
            "C#": 0.619,
            "Clisp": 0.23199999999999998,
            "Coffee": 0.3,
            "Dart": 0.306,
            "Elisp": 0.079,
            "Elixir": 0.059000000000000004,
            "Erlang": 0,
            "Fortran": 0,
            "F#": 0.25,
            "Go": 0.37799999999999995,
            "Groovy": 0.606,
            "Haskell": 0,
            "Html": 0,
            "Java": 0.7140000000000001,
            "JS": 0.475,
            "Json": 0.069,
            "Julia": 0.011000000000000001,
            "Kotlin": 0.536,
            "Lua": 0.3,
            "MD": 0.036000000000000004,
            "Pascal": 0.037000000000000005,
            "Perl": 0.35700000000000004,
            "PHP": 0,
            "Power": 0.267,
            "Python": 0.522,
            "R": 0.043,
            "Racket": 0.27399999999999997,
            "Ruby": 0.026000000000000002,
            "Rust": 0,
            "Scala": 0.341,
            "Scheme": 0.235,
            "Shell": 0.32899999999999996,
            "Swift": 0.33299999999999996,
            "Tcl": 0.256,
            "TS": 0.45,
            "VB": 0.33299999999999996,
            "VimL": 0.355
        },
        {
            "model": "WizardCoder-15B-V1.0",
            "AVG": 0.228,
            "AWK": 0.429,